Date,ATH.TO,BEP-UN.TO,BHC.TO,CLS.TO,CNQ.TO,GIB-A.TO,MEG.TO,MFC.TO,NPI.TO,RY.TO,SIA.TO,TECK-B.TO
2020-02-21,0.5810313820838928,22.277273178100586,26.70368003845215,10.241933822631836,11.378620147705078,100.62934112548828,6.343721389770508,18.022680282592773,19.59490203857422,79.99657440185547,12.985052108764648,25.26527976989746
2020-02-28,0.5786544680595398,22.479026794433594,27.042314529418945,10.21876335144043,11.428329467773438,100.13247680664062,6.384579658508301,18.001964569091797,19.69661521911621,80.25331115722656,13.180154800415039,25.302127838134766
2020-03-06,0.5672540664672852,22.63323974609375,26.668479919433594,10.228723526000977,11.495015144348145,100.13204193115234,6.3280181884765625,17.597501754760742,19.737272262573242,80.2663803100586,13.241667747497559,25.298202514648438
2020-03-13,0.5588653087615967,22.86490249633789,26.849327087402344,10.190138816833496,11.603047370910645,99.33948516845703,6.140100479125977,17.55531883239746,19.969385147094727,80.66710662841797,13.040987014770508,24.83740234375
2020-03-20,0.5445389747619629,23.116350173950195,26.510459899902344,10.452535629272461,11.751922607421875,99.59957885742188,5.895451068878174,17.249155044555664,20.108137130737305,80.6886215209961,13.33882999420166,24.673063278198242
2020-03-27,0.5495446920394897,23.03343963623047,26.52205467224121,10.572155952453613,11.959595680236816,98.65312194824219,5.609407901763916,17.14957046508789,20.27452278137207,80.85040283203125,13.115129470825195,24.396541595458984
2020-04-03,0.550470232963562,22.911052703857422,26.53060531616211,10.36277961730957,11.960969924926758,95.4673843383789,5.381129741668701,17.09857749938965,20.416488647460938,81.48816680908203,12.995899200439453,23.989131927490234
2020-04-10,0.5555059313774109,22.527524948120117,26.758392333984375,10.225842475891113,12.086215019226074,95.56462860107422,5.311161041259766,17.232032775878906,20.42636489868164,81.45670318603516,12.826454162597656,23.50848388671875
2020-04-17,0.556357204914093,22.50799560546875,27.0404109954834,10.026599884033203,12.109236717224121,96.22291564941406,5.141094207763672,17.189226150512695,20.552976608276367,81.4675521850586,12.746893882751465,23.118375778198242
2020-04-24,0.557647168636322,22.407556533813477,27.354801177978516,9.996270179748535,12.177165031433105,96.33987426757812,5.05138635635376,17.24408531188965,20.604379653930664,81.59739685058594,12.700287818908691,22.92426300048828
2020-05-01,0.5541729927062988,22.357929229736328,27.44745635986328,9.884992599487305,12.178692817687988,96.7103500366211,5.026648998260498,17.03443145751953,20.690113067626953,81.43104553222656,12.666717529296875,22.70055389404297
2020-05-08,0.5532423257827759,22.224079132080078,27.650711059570312,9.861961364746094,12.352028846740723,96.47627258300781,5.1021647453308105,17.015167236328125,20.764162063598633,81.42644500732422,12.62205982208252,22.584531784057617
2020-05-15,0.5517964959144592,22.259788513183594,27.603357315063477,9.805098533630371,12.658291816711426,95.96967315673828,5.1780195236206055,16.908130645751953,20.830049514770508,81.3989486694336,12.519386291503906,22.647329330444336
2020-05-22,0.5252290964126587,33.30220413208008,29.998981475830078,10.202189445495605,11.882678031921387,86.34907531738281,5.210452079772949,16.616607666015625,22.75344467163086,80.02102661132812,11.770071983337402,18.64320945739746
2020-05-29,0.5234832167625427,33.68503952026367,30.295066833496094,10.387484550476074,11.87845230102539,86.35469818115234,5.260049343109131,16.674549102783203,22.710329055786133,79.96493530273438,11.819738388061523,18.588592529296875
2020-06-05,0.5223596096038818,33.72281265258789,30.39542007446289,10.557039260864258,11.821471214294434,86.3746566772461,5.325202941894531,16.787944793701172,22.749820709228516,79.90125274658203,11.807046890258789,18.590471267700195
2020-06-12,0.5265591740608215,33.63679122924805,30.41167640686035,10.616110801696777,11.831620216369629,86.94341278076172,5.4127726554870605,16.93610954284668,22.877899169921875,79.5867691040039,11.865792274475098,18.59563636779785
2020-06-19,0.5279118418693542,33.62508010864258,30.154024124145508,10.586464881896973,11.886056900024414,86.96720123291016,5.45587158203125,16.895389556884766,22.965543746948242,79.64138793945312,11.853270530700684,18.62397575378418
2020-06-26,0.5285699367523193,33.658447265625,30.332683563232422,10.48067855834961,11.910919189453125,87.38002014160156,5.515028476715088,16.718961715698242,22.95892906188965,79.75946807861328,11.891087532043457,18.6234130859375
2020-07-03,0.5277785658836365,33.575164794921875,30.146196365356445,10.441843032836914,11.942120552062988,87.80216217041016,5.5462236404418945,16.68025779724121,22.949161529541016,79.88457489013672,11.930285453796387,18.449365615844727
2020-07-10,0.5273350477218628,33.579917907714844,29.987411499023438,10.362975120544434,12.038979530334473,88.46227264404297,5.6136250495910645,16.53852653503418,23.002864837646484,79.93824768066406,12.006529808044434,18.31441307067871
2020-07-17,0.5265610218048096,33.617855072021484,29.494699478149414,10.350414276123047,12.11799430847168,88.84512329101562,5.649153232574463,16.450538635253906,23.00299644470215,80.20374298095703,12.043427467346191,18.175621032714844
2020-07-24,0.5262709856033325,33.63040542602539,29.352542877197266,10.320265769958496,12.283997535705566,89.24828338623047,5.7159199714660645,16.38147735595703,23.033674240112305,80.13398742675781,12.069748878479004,18.15785789489746
2020-07-31,0.5261666178703308,33.38063430786133,28.918912887573242,10.290337562561035,12.42746639251709,89.49431610107422,5.8213210105896,16.297945022583008,23.023975372314453,80.588623046875,12.075521469116211,18.10945701599121
2020-08-07,0.5260650515556335,33.52633285522461,28.601341247558594,10.414189338684082,12.579578399658203,89.76591491699219,5.8700761795043945,16.140968322753906,22.998294830322266,80.6434326171875,12.059527397155762,18.03995132446289
2020-08-14,0.5259681344032288,33.48397445678711,28.181472778320312,10.439428329467773,12.717227935791016,90.13175201416016,5.975892066955566,16.12883949279785,23.00946807861328,80.93289184570312,12.060164451599121,17.873268127441406
2020-08-21,0.288413405418396,29.55026626586914,28.695297241210938,10.29734992980957,9.729165077209473,88.0945053100586,3.8303022384643555,14.829837799072266,21.43777847290039,78.41919708251953,7.090355396270752,14.500347137451172
2020-08-28,0.27192607522010803,29.652902603149414,28.70916748046875,10.222294807434082,9.899322509765625,88.8652114868164,3.9666502475738525,14.823543548583984,21.64231300354004,78.77175903320312,7.116604328155518,14.442039489746094
2020-09-04,0.25628310441970825,29.564897537231445,28.75982093811035,10.348907470703125,10.058881759643555,89.13137817382812,4.026951313018799,14.791913032531738,21.913854598999023,79.14674377441406,7.042273998260498,14.360288619995117
2020-09-11,0.24475979804992676,29.5185546875,28.89768409729004,10.190777778625488,10.213170051574707,89.58050537109375,4.106614112854004,14.821771621704102,22.14886474609375,79.10002136230469,7.0886077880859375,14.280765533447266
2020-09-18,0.2331586629152298,29.413597106933594,28.78057289123535,10.271077156066895,10.301117897033691,89.53971862792969,4.035198211669922,14.820602416992188,22.35040855407715,79.74457550048828,7.138865947723389,14.231439590454102
2020-09-25,0.22298812866210938,29.52225685119629,29.045257568359375,10.130374908447266,10.444612503051758,89.53960418701172,4.0922746658325195,14.871068954467773,22.610036849975586,80.156005859375,7.119293689727783,14.436525344848633
2020-10-02,0.21281197667121887,29.621431350708008,28.89206314086914,10.15257740020752,10.478116989135742,89.21337890625,3.9711709022521973,14.821651458740234,22.847291946411133,80.6329345703125,7.088110446929932,14.41908073425293
2020-10-09,0.20388273894786835,29.878124237060547,29.187057495117188,10.058977127075195,10.518192291259766,89.17798614501953,3.968532085418701,14.838184356689453,23.03635025024414,81.23408508300781,7.11393928527832,14.35177230834961
2020-10-16,0.19301459193229675,29.63831901550293,29.273488998413086,10.011526107788086,10.592434883117676,89.10057067871094,3.9359021186828613,14.822220802307129,23.248498916625977,81.87288665771484,7.101754665374756,14.216859817504883
2020-10-23,0.18611207604408264,29.486379623413086,29.392988204956055,9.815082550048828,10.689196586608887,88.88687133789062,3.8623692989349365,14.793243408203125,23.360734939575195,82.29898834228516,7.196282863616943,14.087177276611328
2020-10-30,0.1782042235136032,29.263452529907227,29.461572647094727,9.74156379699707,10.789827346801758,88.71775817871094,3.765913486480713,14.790283203125,23.345111846923828,82.22029876708984,7.220394611358643,13.863534927368164
2020-11-06,0.17117828130722046,29.124889373779297,29.272724151611328,9.498655319213867,10.823773384094238,88.34268951416016,3.7292590141296387,14.74151611328125,23.492685317993164,82.17524719238281,7.239289283752441,13.739961624145508
2020-11-13,0.1651238650083542,29.11467742919922,29.331954956054688,9.503257751464844,10.86173152923584,87.82074737548828,3.652277946472168,14.732410430908203,23.617294311523438,82.37606811523438,7.284187316894531,13.604251861572266
2020-11-20,0.3003106117248535,26.78105354309082,22.466840744018555,6.4855637550354,7.993419170379639,87.9224853515625,4.0911545753479,14.484485626220703,22.191869735717773,73.38623809814453,7.599503040313721,12.555012702941895
2020-11-27,0.30520322918891907,26.817262649536133,22.59209442138672,6.554601669311523,8.223546028137207,88.61465454101562,4.146975994110107,14.59096622467041,22.214078903198242,73.89142608642578,7.670299530029297,12.628640174865723
2020-12-04,0.31313133239746094,27.028228759765625,22.81208610534668,6.663830757141113,8.451367378234863,89.57201385498047,4.226283550262451,14.555224418640137,22.25456428527832,74.1918716430664,7.7387614250183105,12.712985038757324
2020-12-11,0.3096592426300049,26.815719604492188,22.867115020751953,6.817081451416016,8.614838600158691,90.24979400634766,4.250064373016357,14.596231460571289,22.31754493713379,74.31511688232422,7.821436405181885,13.207622528076172
2020-12-18,0.3159635066986084,26.87871742248535,23.11669158935547,6.878178596496582,8.712339401245117,90.69752502441406,4.326813220977783,14.505752563476562,22.443138122558594,74.31197357177734,7.934607028961182,13.097160339355469
2020-12-25,0.3143899142742157,27.067359924316406,23.249025344848633,6.901356220245361,8.73723316192627,91.06875610351562,4.324283599853516,14.494000434875488,22.4803466796875,74.35469055175781,8.11495304107666,13.140010833740234
2021-01-01,0.3094668388366699,27.340286254882812,23.43488883972168,6.851997375488281,8.741290092468262,91.43278503417969,4.373098850250244,14.409903526306152,22.623435974121094,74.27384185791016,8.301909446716309,13.220442771911621
2021-01-08,0.31062573194503784,27.44599151611328,23.4515380859375,6.850405216217041,8.787890434265137,91.57278442382812,4.32002067565918,14.432232856750488,22.773801803588867,74.43214416503906,8.4965181350708,13.326705932617188
2021-01-15,0.3355816900730133,27.686927795410156,23.866973876953125,6.895691394805908,8.925829887390137,91.2468032836914,4.371489524841309,14.444502830505371,23.0185546875,74.44738006591797,8.576349258422852,13.57606315612793
2021-01-22,0.3386898636817932,27.40390968322754,24.391490936279297,6.9551472663879395,8.748016357421875,91.12957000732422,4.270507335662842,14.530766487121582,23.232458114624023,74.72962188720703,8.630099296569824,13.70827865600586
2021-01-29,0.32911479473114014,27.545934677124023,24.807546615600586,7.002346038818359,8.497515678405762,90.5289306640625,4.315359115600586,14.668899536132812,23.45096206665039,74.63130950927734,8.70238208770752,13.937170028686523
2021-02-05,0.3394363522529602,27.286449432373047,24.89423942565918,6.893129825592041,8.310747146606445,90.24053192138672,4.146724224090576,14.635955810546875,23.589778900146484,74.60958862304688,8.758716583251953,13.67520523071289
2021-02-12,0.37553972005844116,27.431589126586914,25.21451759338379,6.940768718719482,8.255871772766113,89.77035522460938,4.237187385559082,14.725914001464844,23.769882202148438,74.56111907958984,8.797577857971191,13.890788078308105
2021-02-19,0.41786739230155945,36.47779846191406,25.160951614379883,6.280162811279297,8.341703414916992,84.70520782470703,2.7330799102783203,15.442821502685547,25.569658279418945,76.56449127197266,8.497682571411133,18.277067184448242
2021-02-26,0.42883020639419556,36.283050537109375,25.781253814697266,6.228971004486084,8.2912015914917,84.33660888671875,2.6887459754943848,15.5722017288208,24.958148956298828,76.97090911865234,8.59602165222168,18.40996551513672
2021-03-05,0.43284836411476135,35.62904357910156,26.565391540527344,6.143989562988281,8.179765701293945,83.79630279541016,2.6477363109588623,15.696277618408203,24.656343460083008,77.14458465576172,8.73850154876709,18.641429901123047
2021-03-12,0.43979743123054504,34.767120361328125,27.062776565551758,6.0905351638793945,8.320433616638184,83.72477722167969,2.535886526107788,15.889652252197266,23.578224182128906,77.51383972167969,8.87295150756836,18.743066787719727
2021-03-19,0.46799829602241516,34.67741775512695,27.831920623779297,6.047845840454102,8.243514060974121,83.68570709228516,2.3549561500549316,16.168018341064453,23.42025375366211,77.9432373046875,8.982717514038086,19.026399612426758
2021-03-26,0.4751726984977722,34.42951965332031,28.477737426757812,5.985300540924072,8.046932220458984,84.07439422607422,2.2292511463165283,16.436342239379883,22.733476638793945,78.43074798583984,9.120806694030762,18.893112182617188
2021-04-02,0.4577241837978363,34.410457611083984,28.503807067871094,5.8805389404296875,7.839539051055908,84.53499603271484,2.0664873123168945,16.645689010620117,22.536043167114258,78.82173156738281,9.235352516174316,19.14112091064453
2021-04-09,0.4278692305088043,34.596763610839844,28.89247703552246,5.923677921295166,7.713583946228027,85.25902557373047,2.0042943954467773,16.81426239013672,21.770963668823242,78.97368621826172,9.35792350769043,19.229604721069336
2021-04-16,0.42175236344337463,34.657691955566406,28.8981876373291,5.838723182678223,7.522812366485596,85.80937194824219,1.9064809083938599,16.88474464416504,21.412376403808594,79.10787200927734,9.462809562683105,19.35611343383789
2021-04-23,0.39389568567276,34.596595764160156,28.879404067993164,5.776679515838623,7.365220546722412,86.74066162109375,1.869171380996704,16.93106460571289,20.876049041748047,79.24954223632812,9.562211036682129,19.435184478759766
2021-04-30,0.3779413402080536,34.20305633544922,28.768667221069336,5.684308052062988,7.0855817794799805,87.114013671875,1.846449375152588,16.864490509033203,20.416492462158203,79.47774505615234,9.594420433044434,19.536928176879883
2021-05-07,0.3704276978969574,33.856788635253906,28.76228141784668,5.6430559158325195,6.917934417724609,87.66633605957031,1.879594087600708,16.84832000732422,20.11090087890625,79.58648681640625,9.707219123840332,19.518766403198242
2021-05-14,0.3859741687774658,33.37697219848633,27.894189834594727,5.567314624786377,6.8651275634765625,88.2454833984375,1.9495744705200195,16.543991088867188,20.053218841552734,79.91551208496094,9.766579627990723,19.82731056213379
2021-05-21,0.4138971269130707,44.80070114135742,24.606828689575195,7.376192092895508,9.836482048034668,83.68602752685547,2.132145643234253,16.439809799194336,37.67893600463867,88.76921081542969,9.201552391052246,17.007591247558594
2021-05-28,0.4177696108818054,45.162899017333984,24.80253791809082,7.37030029296875,9.716431617736816,83.87075805664062,2.0299174785614014,16.316648483276367,37.815155029296875,89.0765151977539,9.261433601379395,16.6623477935791
2021-06-04,0.423390656709671,45.26288604736328,25.177852630615234,7.324837684631348,9.694087982177734,83.80236053466797,1.97744882106781,15.887018203735352,37.741432189941406,89.18685150146484,9.32556438446045,17.09351921081543
2021-06-11,0.42655789852142334,45.217952728271484,25.298921585083008,7.348634719848633,9.731376647949219,83.89685821533203,1.857071042060852,15.792264938354492,37.67689895629883,89.4559326171875,9.380803108215332,17.236616134643555
2021-06-18,0.4322826564311981,45.16686248779297,25.471263885498047,7.269466400146484,9.809880256652832,83.90235900878906,1.7671608924865723,15.542956352233887,37.53575897216797,89.54525756835938,9.435977935791016,17.29326820373535
2021-06-25,0.4389168322086334,45.11440658569336,25.231298446655273,7.1562981605529785,9.628491401672363,83.98123931884766,1.6143534183502197,15.259334564208984,37.36081314086914,89.74799346923828,9.473395347595215,17.247758865356445
2021-07-02,0.45011579990386963,44.9237060546875,25.27944564819336,7.054762840270996,9.578085899353027,84.0594711303711,1.5316259860992432,14.970765113830566,37.23786926269531,89.82164001464844,9.523122787475586,17.751359939575195
2021-07-09,0.45691123604774475,44.99347686767578,25.416547775268555,7.1020097732543945,9.525033950805664,84.1436767578125,1.3533581495285034,14.883458137512207,37.1016960144043,89.99288177490234,9.566876411437988,17.828330993652344
2021-07-16,0.46528103947639465,44.90070724487305,25.550912857055664,6.9820475578308105,9.410013198852539,84.2508544921875,1.1523122787475586,14.682517051696777,36.93326950073242,90.06098175048828,9.6049222946167,17.897384643554688
2021-07-23,0.4638204276561737,44.77973556518555,25.367328643798828,6.892963886260986,9.03238296508789,84.356689453125,0.9694414734840393,14.484930992126465,36.7887077331543,90.19560241699219,9.624274253845215,18.018476486206055
2021-07-30,0.4565769135951996,44.8667106628418,25.565492630004883,6.7918500900268555,8.86482048034668,84.45108032226562,1.0385408401489258,14.29785442352295,36.62592315673828,90.1859130859375,9.631407737731934,18.000640869140625
2021-08-06,0.43614107370376587,44.92625045776367,25.88503646850586,6.871158599853516,8.722676277160645,84.19445037841797,0.9011334180831909,14.150638580322266,36.45383071899414,90.11967468261719,9.63034439086914,18.30860137939453
2021-08-13,0.4254116415977478,44.81550979614258,25.720415115356445,7.011538982391357,8.594964027404785,84.22798919677734,0.8806796073913574,14.13106632232666,36.34161376953125,90.1069107055664,9.620890617370605,18.25129508972168
2021-08-20,0.41059619188308716,35.10926055908203,26.50716209411621,7.46095609664917,9.288296699523926,103.61848449707031,5.403700351715088,13.273192405700684,25.212013244628906,86.47948455810547,9.9127197265625,22.323450088500977
2021-08-27,0.40423330664634705,34.9954833984375,26.746686935424805,7.676580905914307,9.182281494140625,103.2574462890625,5.196082592010498,13.269399642944336,25.25878143310547,86.38260650634766,9.947101593017578,22.2082462310791
2021-09-03,0.40052178502082825,35.0255126953125,27.088106155395508,7.794825077056885,9.19843578338623,102.79634857177734,5.160844326019287,13.30640697479248,25.27314567565918,86.2930908203125,9.992268562316895,22.298500061035156
2021-09-10,0.3981790542602539,34.852928161621094,27.30570411682129,7.933660984039307,9.262276649475098,102.3932876586914,5.280738353729248,13.233283996582031,25.447288513183594,85.37181091308594,10.007109642028809,22.37062644958496
2021-09-17,0.3953961133956909,34.551536560058594,27.44230079650879,7.748814582824707,9.168893814086914,102.7353744506836,5.276734352111816,13.217850685119629,25.403200149536133,85.85974884033203,9.962158203125,22.54277801513672
2021-09-24,0.3866337239742279,34.19657897949219,27.427892684936523,7.71126651763916,9.256146430969238,102.26697540283203,5.317019939422607,13.262959480285645,25.48406219482422,85.2954330444336,9.980791091918945,22.48322296142578
2021-10-01,0.3826371729373932,33.896034240722656,27.625316619873047,7.796104907989502,9.31184196472168,101.96026611328125,5.39178466796875,13.262381553649902,25.404239654541016,85.60577392578125,9.966678619384766,22.4993839263916
2021-10-08,0.37761634588241577,33.435489654541016,27.75830078125,7.842820167541504,9.455160140991211,101.24443054199219,5.624452114105225,13.32262897491455,25.546764373779297,84.97149658203125,9.864524841308594,22.41986656188965
2021-10-15,0.3732205033302307,33.098121643066406,27.693553924560547,7.703608989715576,9.558134078979492,100.35084533691406,5.902503490447998,13.367937088012695,25.340085983276367,85.49361419677734,9.800376892089844,22.432903289794922
2021-10-22,0.3774109184741974,33.11820983886719,27.685781478881836,7.746074676513672,9.768433570861816,99.93541717529297,6.108005523681641,13.480802536010742,25.272138595581055,85.30064392089844,9.750052452087402,22.435657501220703
2021-10-29,0.38004612922668457,33.04646301269531,27.549226760864258,7.65182638168335,9.943734169006348,99.8401107788086,6.3636040687561035,13.53890323638916,25.24396324157715,85.43973541259766,9.65997314453125,22.663896560668945
2021-11-05,0.3789372146129608,33.308650970458984,27.40546417236328,7.819879531860352,10.09665584564209,99.5445785522461,6.441547393798828,13.39471435546875,25.281423568725586,84.713134765625,9.61334228515625,22.584991455078125
2021-11-12,0.38262221217155457,33.358951568603516,27.215591430664062,7.99995231628418,10.204218864440918,99.27706909179688,6.495662212371826,13.423516273498535,25.091304779052734,85.70618438720703,9.542208671569824,22.692689895629883
2021-11-19,0.5724555850028992,35.41071701049805,32.048866271972656,8.458340644836426,14.164076805114746,107.2399673461914,4.670899391174316,15.634275436401367,29.8776912689209,103.4511489868164,7.93646240234375,20.92833709716797
2021-11-26,0.5698438286781311,35.23908996582031,32.06269836425781,8.330658912658691,14.258729934692383,106.84539031982422,4.554416656494141,15.550642967224121,29.926265716552734,103.53336334228516,7.953160285949707,20.93275260925293
2021-12-03,0.5693312883377075,35.03023910522461,32.02283477783203,8.314225196838379,14.340354919433594,106.25762176513672,4.5116753578186035,15.475589752197266,29.748355865478516,103.42189025878906,7.92559289932251,20.890369415283203
2021-12-10,0.5754743218421936,34.74092483520508,31.78571128845215,8.170206069946289,14.438627243041992,106.34103393554688,4.424670219421387,15.387249946594238,29.445812225341797,103.32312774658203,7.82861328125,20.88715171813965
2021-12-17,0.5703927278518677,34.48926544189453,31.562313079833984,8.18504524230957,14.539220809936523,106.19245147705078,4.513251781463623,15.39199447631836,29.29789924621582,103.23395538330078,7.8014726638793945,20.916492462158203
2021-12-24,0.5636409521102905,35.089664459228516,31.498878479003906,8.105412483215332,14.60756778717041,106.19883728027344,4.330897331237793,15.338687896728516,29.117145538330078,103.15998077392578,7.797269821166992,20.85439682006836
2021-12-31,0.5642455816268921,34.80448532104492,31.488327026367188,8.084684371948242,14.646130561828613,106.40328979492188,4.213746070861816,15.313834190368652,29.020538330078125,103.2463607788086,7.8039703369140625,20.841520309448242
2022-01-07,0.5638176202774048,34.7086296081543,32.00264358520508,8.028228759765625,14.739303588867188,106.6331787109375,4.222034931182861,15.374419212341309,28.91530418395996,103.32969665527344,7.808899879455566,20.81143569946289
2022-01-14,0.562271773815155,34.2763671875,31.756900787353516,8.000041961669922,14.986730575561523,106.05561065673828,4.254146099090576,15.485795021057129,28.610309600830078,103.89262390136719,7.8333353996276855,20.799196243286133
2022-01-21,0.5585472583770752,33.98720169067383,31.948217391967773,7.94204568862915,15.26682186126709,105.81592559814453,4.368255615234375,15.641501426696777,28.265735626220703,104.68303680419922,7.817602157592773,20.86516571044922
2022-01-28,0.5548299551010132,33.620418548583984,31.685583114624023,7.720380783081055,15.519864082336426,105.46733093261719,4.309885025024414,15.62969970703125,28.099159240722656,104.80225372314453,7.7987589836120605,20.815547943115234
2022-02-04,0.5524244904518127,33.6136360168457,31.581886291503906,7.604323863983154,15.75676155090332,105.20346069335938,4.323774337768555,15.748881340026855,27.838104248046875,104.88002014160156,7.803740501403809,20.86553955078125
2022-02-11,0.5544381141662598,33.16537094116211,31.34377670288086,7.669795036315918,16.005489349365234,105.51142120361328,4.369015216827393,15.834898948669434,27.579727172851562,105.34037780761719,7.810575485229492,20.823896408081055
2022-02-18,0.8231539130210876,32.58572006225586,26.233278274536133,10.786746978759766,15.638731956481934,84.98346710205078,8.808429718017578,13.449377059936523,24.72852897644043,111.3574447631836,9.002262115478516,26.121471405029297
2022-02-25,0.8427488803863525,32.6465950012207,25.88130760192871,10.933966636657715,15.901970863342285,84.7878189086914,8.879536628723145,13.483268737792969,24.680192947387695,110.92198181152344,9.033478736877441,26.279550552368164
2022-03-04,0.8604472279548645,32.624267578125,25.76399803161621,11.004382133483887,16.168424606323242,84.6006088256836,8.9313383102417,13.563563346862793,24.633468627929688,111.81366729736328,9.060338020324707,26.59498405456543
2022-03-11,0.859586238861084,33.04305648803711,25.318275451660156,10.940519332885742,16.318923950195312,83.9593734741211,9.023346900939941,13.458864212036133,24.568967819213867,111.84368133544922,9.056658744812012,27.10024070739746
2022-03-18,0.861403226852417,33.73719024658203,25.08151626586914,10.888632774353027,16.52708625793457,83.81879425048828,9.135276794433594,13.529376983642578,24.554243087768555,112.22798919677734,9.07459831237793,27.583642959594727
2022-03-25,0.8525307774543762,34.591712951660156,24.878665924072266,10.940227508544922,16.866376876831055,83.38433837890625,9.09506607055664,13.538440704345703,24.51522445678711,112.58565521240234,9.116732597351074,27.51535415649414
2022-04-01,0.8550191521644592,34.800376892089844,24.53778076171875,10.979534149169922,17.14487075805664,82.99063873291016,9.092516899108887,13.571502685546875,24.45614242553711,112.96744537353516,9.16317081451416,27.54311752319336
2022-04-08,0.8391274213790894,34.98248291015625,24.321176528930664,11.023898124694824,17.464759826660156,82.42340850830078,8.965617179870605,13.637694358825684,24.323131561279297,112.54393768310547,9.195667266845703,27.838838577270508
2022-04-15,0.816451907157898,35.27592849731445,24.187908172607422,10.912257194519043,17.794363021850586,82.44568634033203,8.942570686340332,13.733975410461426,24.22126579284668,112.92860412597656,9.243856430053711,27.828777313232422
2022-04-22,0.8118497133255005,35.27146530151367,23.83758544921875,10.855063438415527,18.034164428710938,82.05756378173828,8.931200981140137,13.818061828613281,24.119354248046875,113.1640853881836,9.288410186767578,27.939830780029297
2022-04-29,0.8269038796424866,35.242637634277344,23.634014129638672,10.853644371032715,18.291927337646484,81.89716339111328,8.946869850158691,13.814626693725586,23.996444702148438,113.11914825439453,9.25560474395752,27.604270935058594
2022-05-06,0.81522136926651,35.03148651123047,22.952945709228516,10.901147842407227,18.521142959594727,81.67794036865234,8.983124732971191,13.77308464050293,23.893762588500977,112.91156005859375,9.111602783203125,27.26654052734375
2022-05-13,0.8136122822761536,34.820308685302734,22.26432991027832,10.785982131958008,18.72513198852539,81.52253723144531,9.0419340133667,13.810117721557617,23.816829681396484,113.21511840820312,8.989455223083496,27.201335906982422
2022-05-20,0.985584020614624,34.70808029174805,23.791833877563477,13.886767387390137,20.33989143371582,88.85509490966797,9.503568649291992,15.169583320617676,30.82386016845703,102.42068481445312,9.623579978942871,28.177040100097656
2022-05-27,0.9826746582984924,34.578208923339844,23.248573303222656,13.823135375976562,20.441957473754883,89.03824615478516,9.792521476745605,15.250188827514648,30.386749267578125,101.73535919189453,9.624716758728027,28.452533721923828
2022-06-03,0.9937366843223572,34.38058090209961,22.548667907714844,13.792834281921387,20.561260223388672,89.30552673339844,9.993725776672363,15.353334426879883,30.595308303833008,100.90296936035156,9.632330894470215,28.6657772064209
2022-06-10,1.01740562915802,34.27156066894531,22.400726318359375,13.799601554870605,20.87830352783203,89.47935485839844,10.291540145874023,15.378918647766113,30.200925827026367,100.24440002441406,9.631181716918945,28.724843978881836
2022-06-17,1.054686188697815,34.10887145996094,22.309688568115234,13.807971954345703,20.979354858398438,89.05786895751953,10.432086944580078,15.248363494873047,30.324655532836914,98.86172485351562,9.60047721862793,28.583471298217773
2022-06-24,1.0292731523513794,33.98432159423828,22.410343170166016,13.721757888793945,20.68309783935547,88.62277221679688,10.9179048538208,15.135771751403809,30.212284088134766,97.23548889160156,9.539690971374512,28.684690475463867
2022-07-01,1.0385632514953613,33.85410690307617,22.40481185913086,13.623603820800781,20.130983352661133,88.63897705078125,11.202978134155273,15.146010398864746,30.028867721557617,96.22264862060547,9.522543907165527,29.095535278320312
2022-07-08,1.0406811237335205,33.75696563720703,22.553241729736328,13.59958267211914,19.541030883789062,88.48151397705078,11.10789966583252,15.124702453613281,29.951345443725586,95.38809967041016,9.481500625610352,29.3208065032959
2022-07-15,1.0309995412826538,33.64954376220703,22.664710998535156,13.533989906311035,18.984952926635742,88.75176239013672,11.000442504882812,15.08005142211914,29.93738555908203,94.30931091308594,9.486014366149902,29.60926628112793
2022-07-22,1.043899416923523,33.664161682128906,22.826269149780273,13.45864486694336,18.167585372924805,88.96881103515625,10.84163761138916,14.927931785583496,29.983041763305664,92.1863784790039,9.413870811462402,29.739622116088867
2022-07-29,1.0748692750930786,33.652095794677734,22.865140914916992,13.442191123962402,17.653470993041992,89.51486206054688,10.654234886169434,14.914459228515625,30.17177391052246,90.62925720214844,9.415056228637695,29.680049896240234
2022-08-05,1.110324740409851,33.78661346435547,22.95026206970215,13.39085865020752,17.798263549804688,89.97676086425781,10.543636322021484,14.935040473937988,30.403600692749023,89.40187072753906,9.343631744384766,29.797483444213867
2022-08-12,1.1443432569503784,33.9524040222168,23.032146453857422,13.408076286315918,17.74478530883789,90.66727447509766,10.610355377197266,14.879666328430176,30.85894775390625,88.82424926757812,9.318548202514648,29.845108032226562
2022-08-19,1.5275808572769165,39.274654388427734,20.37272071838379,9.868492126464844,25.179637908935547,84.4030990600586,19.296573638916016,15.766345977783203,27.067829132080078,88.2386474609375,9.346576690673828,32.05350875854492
2022-08-26,1.5303524732589722,39.50590896606445,20.093242645263672,9.910985946655273,25.1246395111084,84.00927734375,19.131088256835938,15.755573272705078,27.47902488708496,88.22640991210938,9.236610412597656,31.70965576171875
2022-09-02,1.5235356092453003,39.42021560668945,20.152177810668945,9.886370658874512,25.204708099365234,83.70347595214844,19.050230026245117,15.674888610839844,27.80075454711914,88.1095199584961,9.201217651367188,31.76500701904297
2022-09-09,1.5206599235534668,39.47886276245117,20.084732055664062,9.777104377746582,25.064485549926758,83.46004486083984,18.757869720458984,15.630587577819824,27.966943740844727,88.27505493164062,9.158555030822754,31.962648391723633
2022-09-16,1.4665087461471558,39.66614532470703,20.281911849975586,9.742053985595703,25.000293731689453,83.54197692871094,18.5858154296875,15.606513023376465,28.03619384765625,88.41849517822266,9.18034839630127,32.11494827270508
2022-09-23,1.4218894243240356,40.02271270751953,20.55556297302246,9.583898544311523,25.021556854248047,83.54955291748047,18.43337059020996,15.548547744750977,28.019853591918945,88.46749877929688,9.147098541259766,32.22381591796875
2022-09-30,1.369607925415039,39.62633514404297,20.956066131591797,9.398211479187012,24.754636764526367,83.44156646728516,18.219085693359375,15.433815956115723,27.996110916137695,88.37265014648438,9.133672714233398,32.40696334838867
2022-10-07,1.3396869897842407,38.96865463256836,21.318811416625977,9.291308403015137,24.412229537963867,83.633056640625,18.000179290771484,15.341948509216309,27.904510498046875,88.35167694091797,9.129780769348145,32.21055603027344
2022-10-14,1.3650397062301636,38.51423645019531,21.69184684753418,9.294179916381836,24.261873245239258,83.76426696777344,17.823490142822266,15.246076583862305,27.670358657836914,88.16009521484375,9.15109920501709,32.167205810546875
2022-10-21,1.3575900793075562,38.03193283081055,21.954652786254883,9.216897964477539,24.03837013244629,83.7075424194336,17.00493049621582,15.182160377502441,27.667707443237305,88.03030395507812,9.145031929016113,32.114295959472656
2022-10-28,1.348389744758606,37.51982116699219,22.245935440063477,9.221186637878418,23.87965202331543,83.96060180664062,16.35047149658203,15.149142265319824,27.577917098999023,87.81298065185547,9.162839889526367,31.994491577148438
2022-11-04,1.4030122756958008,37.1188850402832,22.554170608520508,9.451297760009766,23.69792366027832,84.06463623046875,15.717667579650879,15.229817390441895,27.591962814331055,87.94588470458984,9.123760223388672,32.07895278930664
2022-11-11,1.4514700174331665,36.86709976196289,22.952375411987305,9.415802001953125,23.78679084777832,83.90895080566406,14.962472915649414,15.154912948608398,27.600425720214844,88.2560806274414,9.070348739624023,32.054603576660156
2022-11-18,2.5927975177764893,34.90622329711914,13.26789665222168,11.7332181930542,26.611156463623047,102.64228057861328,10.5772066116333,17.308368682861328,29.460168838500977,94.30406188964844,8.753209114074707,47.423072814941406
2022-11-25,2.5976381301879883,34.90568161010742,13.610404014587402,11.737861633300781,26.800203323364258,103.11036682128906,10.257085800170898,17.34830665588379,29.571216583251953,94.41692352294922,8.742681503295898,47.242515563964844
2022-12-02,2.6052350997924805,34.977806091308594,13.957646369934082,11.742392539978027,26.55504608154297,103.58232879638672,10.329380989074707,17.482999801635742,29.610877990722656,94.89104461669922,8.70198917388916,47.02629852294922
2022-12-09,2.6099977493286133,35.106590270996094,14.422147750854492,11.888775825500488,26.69551658630371,104.3161849975586,10.226539611816406,17.696304321289062,29.652746200561523,95.05314636230469,8.667989730834961,46.88832473754883
2022-12-16,2.613072156906128,35.0823974609375,14.997239112854004,11.960583686828613,26.366548538208008,104.5096206665039,10.134725570678711,17.931215286254883,29.63010597229004,95.40087127685547,8.592610359191895,47.15592956542969
2022-12-23,2.613232135772705,35.16838073730469,15.435383796691895,12.09945011138916,26.52701187133789,104.77980041503906,10.496681213378906,17.99439239501953,29.630373001098633,95.36451721191406,8.504378318786621,46.96059799194336
2022-12-30,2.6099417209625244,35.236019134521484,15.736715316772461,12.167524337768555,26.280290603637695,105.02826690673828,10.389363288879395,18.154436111450195,29.662250518798828,95.355224609375,8.411383628845215,46.70774841308594
2023-01-06,2.608994483947754,35.28076934814453,15.99689769744873,12.326517105102539,26.59999656677246,105.08167266845703,10.449328422546387,18.191875457763672,29.614009857177734,95.37562561035156,8.345015525817871,46.35737609863281
2023-01-13,2.6025617122650146,35.406272888183594,16.4663143157959,12.453255653381348,26.331314086914062,104.76002502441406,10.292991638183594,18.330522537231445,29.533390045166016,95.69945526123047,8.335378646850586,45.89346694946289
2023-01-20,2.592647075653076,35.92411804199219,16.950716018676758,12.7511625289917,26.64717674255371,104.93575286865234,10.307683944702148,18.495412826538086,29.460676193237305,96.01679992675781,8.355724334716797,45.57249450683594
2023-01-27,2.5867927074432373,36.207855224609375,17.57524871826172,12.9190092086792,26.705678939819336,105.0969467163086,10.281380653381348,18.632352828979492,29.37411117553711,95.89846801757812,8.375069618225098,45.39052200317383
2023-02-03,2.5937001705169678,36.561527252197266,18.023950576782227,13.017447471618652,27.029817581176758,104.39163208007812,10.261226654052734,18.800891876220703,29.286102294921875,96.25208282470703,8.385794639587402,45.01804733276367
2023-02-10,2.5938100814819336,36.55434036254883,18.474990844726562,13.218742370605469,26.821144104003906,105.51104736328125,10.316141128540039,18.91793441772461,29.208921432495117,96.54656982421875,8.395469665527344,44.66735076904297
2023-02-17,1.7089484930038452,38.47773742675781,13.748981475830078,12.544690132141113,19.986103057861328,99.31446075439453,14.410907745361328,19.55434799194336,32.80094909667969,102.44728088378906,9.021175384521484,26.28988265991211
2023-02-24,1.6954593658447266,38.525516510009766,14.315461158752441,12.628016471862793,19.816722869873047,99.61587524414062,14.233413696289062,19.82609748840332,32.62381362915039,103.09188842773438,9.009520530700684,26.369491577148438
2023-03-03,1.6960251331329346,38.27655029296875,14.499858856201172,12.618800163269043,19.528547286987305,99.86714172363281,14.301130294799805,19.963987350463867,32.4472770690918,103.46497344970703,8.914706230163574,25.955530166625977
2023-03-10,1.6931970119476318,38.31560134887695,14.67879867553711,12.64540958404541,19.835004806518555,99.80211639404297,14.459229469299316,20.269746780395508,32.315650939941406,104.19739532470703,8.896261215209961,25.841861724853516
2023-03-17,1.681801438331604,38.221248626708984,14.724574089050293,12.54039478302002,19.556032180786133,99.88836669921875,14.311622619628906,20.283245086669922,32.21633529663086,104.09061431884766,8.83556079864502,25.104114532470703
2023-03-24,1.6756161451339722,38.156761169433594,14.805808067321777,12.507477760314941,19.2487850189209,99.83445739746094,14.488195419311523,20.29482078552246,32.149112701416016,103.71590423583984,8.829179763793945,24.82497215270996
2023-03-31,1.683318853378296,38.10576629638672,14.881111145019531,12.604179382324219,18.71793556213379,99.84154510498047,14.714096069335938,20.512042999267578,32.07574462890625,103.24661254882812,8.770047187805176,24.66163444519043
2023-04-07,1.682753086090088,38.10219192504883,15.090188980102539,12.62094783782959,18.872865676879883,100.15503692626953,14.847742080688477,20.638010025024414,32.06840133666992,103.3364028930664,8.807340621948242,25.027997970581055
2023-04-14,1.6867566108703613,38.05817794799805,15.052472114562988,12.52628231048584,18.72045135498047,100.44699096679688,14.865861892700195,20.696014404296875,32.155452728271484,103.11383819580078,8.769994735717773,25.561960220336914
2023-04-21,1.6875100135803223,38.01066970825195,15.086377143859863,12.654118537902832,19.147974014282227,100.53776550292969,14.827201843261719,20.769922256469727,32.18711853027344,103.37703704833984,8.73604679107666,25.884309768676758
2023-04-28,1.6955406665802002,37.90167999267578,15.209328651428223,12.549696922302246,19.209739685058594,100.99227142333984,14.899179458618164,20.824649810791016,32.22865676879883,103.4970703125,8.724128723144531,25.81532859802246
2023-05-05,1.7005976438522339,37.98257064819336,15.054847717285156,12.589892387390137,19.494827270507812,101.17972564697266,14.901021957397461,20.87757682800293,32.24985122680664,103.98323059082031,8.645100593566895,25.79733657836914
2023-05-12,1.7033700942993164,37.99970245361328,15.12994384765625,12.494415283203125,19.33413314819336,101.48899841308594,14.957706451416016,20.839454650878906,32.27419662475586,103.38951873779297,8.60637378692627,25.526996612548828
2023-05-19,1.517628788948059,38.546470642089844,19.115276336669922,13.443620681762695,24.914581298828125,110.64299774169922,12.313888549804688,18.851173400878906,31.109291076660156,103.41033935546875,10.12545394897461,47.19190216064453
2023-05-26,1.5379395484924316,38.74675369262695,19.929000854492188,13.454893112182617,24.9612979888916,111.0922622680664,12.351929664611816,18.887065887451172,30.93437385559082,102.85731506347656,10.150591850280762,47.17843246459961
2023-06-02,1.5733994245529175,38.864105224609375,20.45098876953125,13.80443286895752,24.87554168701172,111.54564666748047,12.457225799560547,18.921735763549805,30.778650283813477,101.86351776123047,10.131670951843262,46.83201217651367
2023-06-09,1.5823107957839966,38.98465347290039,20.39815902709961,14.09012222290039,24.784578323364258,111.80314636230469,12.462642669677734,18.982267379760742,30.646480560302734,101.40164184570312,10.217337608337402,46.88103485107422
2023-06-16,1.6005052328109741,39.10325241088867,20.19452667236328,14.092687606811523,24.660234451293945,112.01713562011719,12.500561714172363,19.02463150024414,30.454986572265625,100.91313934326172,10.187193870544434,47.06425857543945
2023-06-23,1.5974222421646118,39.14891052246094,20.011417388916016,14.318255424499512,24.577781677246094,112.21424865722656,12.462176322937012,19.039453506469727,30.229347229003906,100.76898956298828,10.242860794067383,47.07403564453125
2023-06-30,1.6136544942855835,38.89488983154297,20.029932022094727,14.46934700012207,24.585952758789062,112.2806167602539,12.485307693481445,18.99195098876953,30.00638198852539,100.13753509521484,10.186649322509766,46.97401428222656
2023-07-07,1.6387406587600708,39.015830993652344,20.175247192382812,14.575715065002441,24.682754516601562,112.55067443847656,12.592767715454102,19.01806640625,29.95213508605957,100.09822845458984,10.294889450073242,47.166717529296875
2023-07-14,1.6583763360977173,39.033687591552734,20.778362274169922,14.747385025024414,24.609628677368164,112.68817138671875,12.725730895996094,19.04560089111328,29.842355728149414,100.21328735351562,10.255331993103027,47.34920883178711
2023-07-21,1.6593666076660156,39.129695892333984,20.898874282836914,14.99976921081543,24.605712890625,112.88180541992188,12.80152702331543,19.076995849609375,29.74518394470215,100.4796142578125,10.37153434753418,47.52394104003906
2023-07-28,1.6322988271713257,39.19289779663086,21.97108268737793,15.168911933898926,24.63349151611328,112.91810607910156,12.902544975280762,19.136369705200195,29.70556640625,100.97049713134766,10.387571334838867,47.82688903808594
2023-08-04,1.624314308166504,39.211402893066406,22.395217895507812,15.982351303100586,24.696388244628906,113.06282043457031,13.0046968460083,19.180633544921875,29.640548706054688,101.75496673583984,10.408332824707031,48.14133834838867
2023-08-11,1.6315594911575317,39.01201248168945,22.776233673095703,16.343563079833984,24.819805145263672,112.84805297851562,13.095819473266602,19.225421905517578,29.57537078857422,102.05694580078125,10.41108226776123,48.25009536743164
2023-08-18,2.139650821685791,34.2164306640625,12.259740829467773,15.213712692260742,28.261825561523438,125.91158294677734,17.90753936767578,20.16401481628418,29.975393295288086,110.79940032958984,9.40756893157959,46.889129638671875
2023-08-25,2.116684913635254,34.0882453918457,12.266278266906738,15.325603485107422,28.639644622802734,125.14330291748047,17.983665466308594,20.008987426757812,29.987756729125977,110.52731323242188,9.458054542541504,46.705528259277344
2023-09-01,2.113010883331299,34.05604553222656,12.346830368041992,15.45312786102295,29.07658576965332,124.37834167480469,17.9661922454834,20.039098739624023,29.96248435974121,110.1124496459961,9.458257675170898,46.638519287109375
2023-09-08,2.148245096206665,33.93684768676758,12.324804306030273,15.538966178894043,29.6547794342041,124.00045776367188,18.11663055419922,20.089895248413086,29.972257614135742,109.78507232666016,9.492077827453613,46.77937698364258
2023-09-15,2.162330150604248,33.72028350830078,12.402092933654785,15.695213317871094,29.948226928710938,123.59784698486328,18.20458221435547,20.102264404296875,29.86501693725586,109.44107818603516,9.451592445373535,46.65545654296875
2023-09-22,2.1604135036468506,33.831520080566406,12.403008460998535,15.753998756408691,30.20587158203125,123.71131134033203,18.287673950195312,20.17220687866211,29.835811614990234,109.21952056884766,9.409156799316406,46.93796157836914
2023-09-29,2.1143133640289307,33.64888000488281,12.390581130981445,15.787450790405273,30.0916805267334,122.98518371582031,18.1862735748291,20.155841827392578,29.745887756347656,109.38236999511719,9.372894287109375,46.78669357299805
2023-10-06,2.1922523975372314,33.439632415771484,12.333123207092285,15.765682220458984,30.547780990600586,122.81792449951172,18.251760482788086,20.077444076538086,29.644184112548828,108.87094116210938,9.320499420166016,46.88853454589844
2023-10-13,2.1595497131347656,33.09634780883789,12.313796997070312,15.771185874938965,30.270719528198242,122.56139373779297,18.224393844604492,20.102947235107422,29.537372589111328,108.38422393798828,9.275279998779297,47.020782470703125
2023-10-20,2.181729316711426,32.881690979003906,12.023781776428223,15.800619125366211,30.53192138671875,122.3328628540039,18.275365829467773,20.078195571899414,29.4648494720459,107.62725830078125,9.233743667602539,46.89134979248047
2023-10-27,2.1786601543426514,32.604061126708984,11.955653190612793,15.799736976623535,30.501235961914062,122.28730773925781,18.401779174804688,19.986970901489258,29.391921997070312,106.96440887451172,9.213997840881348,46.9688606262207
2023-11-03,2.1332714557647705,32.47739028930664,11.300464630126953,15.479583740234375,30.363096237182617,121.7738265991211,18.380643844604492,19.93457794189453,29.3560848236084,105.95999145507812,9.186184883117676,46.75216293334961
2023-11-10,2.138667106628418,32.36494827270508,11.331706047058105,15.341827392578125,30.544485092163086,121.11113739013672,18.370243072509766,20.039175033569336,29.348892211914062,105.67578887939453,9.21270751953125,46.67304611206055
2023-11-17,3.027101755142212,33.015907287597656,9.196215629577637,21.874540328979492,30.774168014526367,124.88127136230469,18.203222274780273,22.366426467895508,25.050432205200195,112.47107696533203,9.401659965515137,42.39787292480469
2023-11-24,3.0149290561676025,33.42650604248047,9.182852745056152,21.84267807006836,30.87034034729004,124.58857727050781,18.213966369628906,22.383840560913086,25.03926658630371,112.8075942993164,9.378212928771973,42.07902526855469
2023-12-01,2.983924388885498,33.54023742675781,9.07468032836914,21.79591941833496,30.51818084716797,124.4104995727539,18.0537109375,22.451353073120117,25.001598358154297,113.07306671142578,9.377577781677246,41.48080062866211
2023-12-08,2.935654401779175,33.84354782104492,9.058748245239258,21.537696838378906,30.596445083618164,124.1531753540039,17.92349624633789,22.48151206970215,24.98796844482422,113.50650024414062,9.377399444580078,41.47545623779297
2023-12-15,2.8866987228393555,34.196380615234375,9.012555122375488,21.527626037597656,30.11013412475586,124.0114974975586,17.50019645690918,22.541757583618164,25.108917236328125,114.00104522705078,9.379803657531738,41.16441345214844
2023-12-22,2.8544423580169678,34.578678131103516,9.0112943649292,21.637027740478516,30.04713249206543,123.78510284423828,17.374744415283203,22.623958587646484,25.060516357421875,114.56011962890625,9.390192031860352,41.40777587890625
2023-12-29,2.880887746810913,34.79532241821289,8.959275245666504,21.79018211364746,30.057363510131836,123.65814971923828,17.325008392333984,22.757434844970703,25.232667922973633,115.31883239746094,9.40216064453125,41.34052658081055
2024-01-05,2.904310464859009,35.001007080078125,9.098824501037598,21.755735397338867,29.908851623535156,123.69051361083984,17.30915641784668,22.812185287475586,25.320545196533203,115.4997329711914,9.428271293640137,41.164794921875
2024-01-12,2.941711664199829,35.124107360839844,9.114489555358887,21.55717658996582,29.947952270507812,123.40750885009766,17.39853858947754,22.82830810546875,25.48052978515625,116.01110076904297,9.447659492492676,41.00273513793945
2024-01-19,2.9721038341522217,35.16963195800781,9.287382125854492,21.369827270507812,29.81413459777832,124.09811401367188,17.373306274414062,22.775634765625,25.633018493652344,115.9863510131836,9.490622520446777,40.555355072021484
2024-01-26,2.970363140106201,35.19721984863281,9.247886657714844,21.504100799560547,29.717378616333008,124.35299682617188,17.3099365234375,22.76810073852539,25.944835662841797,116.42764282226562,9.525931358337402,40.325660705566406
2024-02-02,2.970759391784668,35.22159194946289,9.330839157104492,21.70005226135254,29.827192306518555,124.47542572021484,17.79814338684082,22.795400619506836,26.125688552856445,116.29316711425781,9.56800365447998,40.2445068359375
2024-02-09,2.9494218826293945,35.13152313232422,9.300310134887695,22.378997802734375,29.58053207397461,125.40023803710938,17.766948699951172,22.789094924926758,26.43006706237793,116.38569641113281,9.592168807983398,40.22306823730469
2024-02-16,2.8196890354156494,33.8885383605957,12.163949012756348,30.669387817382812,32.961490631103516,127.18408966064453,19.807167053222656,21.544591903686523,24.236309051513672,113.73026275634766,9.951268196105957,51.10932159423828
2024-02-23,2.8583474159240723,34.02360153198242,12.415543556213379,30.964662551879883,33.10027313232422,127.93827056884766,20.121795654296875,21.584257125854492,24.240962982177734,114.01246643066406,10.011821746826172,51.23113250732422
2024-03-01,2.915682315826416,34.085906982421875,12.757583618164062,31.101045608520508,33.4265251159668,128.39263916015625,20.249065399169922,21.758243560791016,24.473920822143555,114.23307800292969,10.176067352294922,51.581661224365234
2024-03-08,2.9913408756256104,34.199615478515625,13.164824485778809,31.458255767822266,33.76726150512695,129.2138671875,20.430606842041016,21.835634231567383,24.458972930908203,114.1468734741211,10.358979225158691,51.287841796875
2024-03-15,3.0462639331817627,34.40436935424805,12.993900299072266,31.65523338317871,33.94514846801758,129.86019897460938,20.311594009399414,21.929929733276367,24.545085906982422,114.23062133789062,10.471002578735352,51.69469451904297
2024-03-22,3.0929062366485596,34.42251205444336,13.366507530212402,31.789541244506836,34.0239372253418,130.62950134277344,20.367250442504883,21.958261489868164,24.52513313293457,114.35663604736328,10.542878150939941,51.99903106689453
2024-03-29,3.130105495452881,34.687923431396484,13.548373222351074,31.827659606933594,34.19451141357422,130.4210968017578,20.37538719177246,21.98845672607422,24.51654052734375,114.51075744628906,10.656240463256836,51.79075241088867
2024-04-05,3.142866373062134,34.845970153808594,14.070682525634766,31.94401741027832,34.35392379760742,130.7147216796875,20.312698364257812,22.053102493286133,24.461671829223633,114.70955657958984,10.728647232055664,51.97421646118164
2024-04-12,3.148508071899414,34.91529846191406,14.053640365600586,32.01282501220703,34.78328323364258,130.14329528808594,20.495630264282227,22.115497589111328,24.449647903442383,114.91942596435547,10.776387214660645,51.984291076660156
2024-04-19,3.155925989151001,34.83784103393555,13.784992218017578,32.30766677856445,34.945823669433594,129.91163635253906,20.238006591796875,22.082124710083008,24.384204864501953,114.71036529541016,10.785456657409668,52.094146728515625
2024-04-26,3.1616573333740234,34.955108642578125,13.901878356933594,32.77919387817383,34.81478500366211,129.2222900390625,20.171899795532227,22.106836318969727,24.346601486206055,114.95707702636719,10.831700325012207,51.7949333190918
2024-05-03,3.1242520809173584,35.020790100097656,13.848320007324219,32.964908599853516,34.91008758544922,128.4439697265625,20.205259323120117,22.15662384033203,24.20461654663086,115.46104431152344,10.879204750061035,51.82926940917969
2024-05-10,3.1028056144714355,35.03398132324219,13.487112998962402,32.860408782958984,34.84343338012695,127.76018524169922,20.148340225219727,22.256105422973633,24.188343048095703,115.99065399169922,11.038496017456055,51.308650970458984
2024-05-17,3.3366386890411377,28.675853729248047,8.468053817749023,38.34935760498047,36.396141052246094,135.59591674804688,24.845081329345703,26.234891891479492,23.885644912719727,115.00658416748047,10.429118156433105,47.285335540771484
2024-05-24,3.3578402996063232,28.75921630859375,8.622729301452637,38.77838134765625,36.409934997558594,135.2923126220703,24.670541763305664,26.36532974243164,24.08392906188965,115.544921875,10.51563549041748,47.435279846191406
2024-05-31,3.360396385192871,29.075305938720703,8.73690128326416,39.55398178100586,36.54473876953125,134.52235412597656,24.451021194458008,26.37848472595215,24.464000701904297,115.83975982666016,10.516407012939453,47.44820022583008
2024-06-07,3.37741756439209,29.167789459228516,8.897503852844238,39.670894622802734,36.73237609863281,134.5610809326172,24.34002685546875,26.506149291992188,24.7258243560791,116.41975402832031,10.518119812011719,47.5465087890625
2024-06-14,3.387479782104492,29.40119743347168,9.010763168334961,39.914451599121094,36.56013488769531,134.27850341796875,24.10277557373047,26.524669647216797,24.865455627441406,116.58789825439453,10.544581413269043,47.31450271606445
2024-06-21,3.401463747024536,29.45423698425293,9.107160568237305,40.073238372802734,36.27996063232422,133.54953002929688,24.021778106689453,26.53763198852539,25.078811645507812,116.54517364501953,10.57697868347168,47.17502212524414
2024-06-28,3.4101123809814453,29.625715255737305,9.016566276550293,40.396636962890625,36.21125030517578,132.79454040527344,23.91714096069336,26.56020164489746,25.373769760131836,116.72529602050781,10.582268714904785,46.992122650146484
2024-07-05,3.4119246006011963,29.51479721069336,8.949077606201172,40.68983840942383,36.368350982666016,132.41131591796875,24.050050735473633,26.687057495117188,25.50714874267578,117.1168441772461,10.564826965332031,46.563209533691406
2024-07-12,3.446697473526001,29.66117286682129,8.828614234924316,40.985328674316406,36.186363220214844,132.10142517089844,24.146169662475586,26.63092613220215,25.668258666992188,117.54242706298828,10.568999290466309,46.473960876464844
2024-07-19,3.45268177986145,29.75861930847168,8.68912124633789,41.38612365722656,36.339752197265625,132.74302673339844,24.1872615814209,26.736827850341797,25.76511001586914,117.89765167236328,10.566061973571777,46.25079345703125
2024-07-26,3.4760208129882812,30.326059341430664,8.638633728027344,41.501895904541016,36.24517822265625,132.8883819580078,24.239578247070312,26.666765213012695,26.199466705322266,118.1976318359375,10.560256958007812,45.55758285522461
2024-08-02,3.491605758666992,30.272029876708984,8.787428855895996,41.555511474609375,36.306636810302734,134.0363006591797,24.43036651611328,26.746721267700195,26.26838493347168,118.33477783203125,10.607904434204102,45.18087387084961
2024-08-09,3.508297920227051,30.427715301513672,8.929466247558594,41.67290496826172,36.12493896484375,134.8804931640625,24.59905433654785,26.674654006958008,26.382226943969727,118.10530853271484,10.638041496276855,44.82950973510742
2024-08-16,3.8780901432037354,31.85152816772461,8.341772079467773,61.726295471191406,36.23323440551758,144.4010009765625,22.616069793701172,27.27665138244629,19.70345687866211,120.0743179321289,11.261645317077637,56.3394775390625
2024-08-23,3.9154229164123535,31.69706916809082,8.364679336547852,61.9796257019043,36.4798469543457,145.1363525390625,22.787616729736328,27.576175689697266,19.7114315032959,120.22929382324219,11.262605667114258,56.29623794555664
2024-08-30,3.9128916263580322,31.645572662353516,8.387584686279297,62.0220947265625,36.3991813659668,144.65760803222656,22.82429313659668,27.781208038330078,19.79975700378418,120.48382568359375,11.326119422912598,56.24642562866211
2024-09-06,3.906651020050049,31.569169998168945,8.553412437438965,61.81620407104492,36.51339340209961,145.5252685546875,22.952259063720703,27.947961807250977,19.756439208984375,120.84309387207031,11.40918254852295,56.05863952636719
2024-09-13,3.8510587215423584,31.57219123840332,8.550836563110352,60.52030944824219,36.55879211425781,144.96759033203125,22.96277618408203,27.751522064208984,19.7265682220459,120.85298156738281,11.52847957611084,55.303096771240234
2024-09-20,3.835257053375244,31.62493324279785,8.663290023803711,60.95341491699219,36.71304702758789,145.9149627685547,23.133604049682617,27.92422866821289,19.84084129333496,120.93257904052734,11.656972885131836,55.23529815673828
2024-09-27,3.8391940593719482,31.832984924316406,8.38298511505127,61.01240921020508,37.00584030151367,145.4347381591797,23.464811325073242,27.846588134765625,19.735958099365234,120.66681671142578,11.708843231201172,55.34734344482422
2024-10-04,3.7702300548553467,31.8914794921875,8.511834144592285,61.82942581176758,37.02559280395508,145.710205078125,23.361406326293945,27.8892765045166,19.766189575195312,120.62349700927734,11.74990177154541,55.53580856323242
2024-10-11,3.7535176277160645,31.91657829284668,8.567814826965332,62.14875411987305,37.27574920654297,145.56539916992188,23.785724639892578,27.841827392578125,19.75664710998535,120.3901138305664,11.714200973510742,55.821685791015625
2024-10-18,3.7366182804107666,31.721525192260742,8.6007661819458,63.06309509277344,37.29899978637695,145.95388793945312,23.644866943359375,27.943368911743164,19.747236251831055,120.51216125488281,11.722128868103027,55.910728454589844
2024-10-25,3.7029201984405518,32.047691345214844,8.654882431030273,61.97566604614258,36.88693618774414,145.8695526123047,23.533754348754883,27.90990447998047,19.807029724121094,120.5655288696289,11.813963890075684,56.07862091064453
2024-11-01,3.693777322769165,32.321075439453125,8.717836380004883,63.46957778930664,36.83269119262695,145.74427795410156,23.5888671875,27.931283950805664,19.757070541381836,120.36449432373047,11.863718032836914,55.894752502441406
2024-11-08,3.6653859615325928,31.939041137695312,8.875080108642578,64.23835754394531,36.55307388305664,145.52891540527344,23.56873893737793,27.925310134887695,19.737241744995117,120.36969757080078,11.811385154724121,55.938907623291016
2024-11-15,4.113545894622803,31.885042190551758,10.075483322143555,53.344696044921875,41.82770538330078,131.75218200683594,26.402013778686523,29.016096115112305,20.73779296875,137.67068481445312,12.865065574645996,59.05514144897461
2024-11-22,4.101897716522217,31.757841110229492,9.916279792785645,53.79157257080078,41.8104133605957,131.05084228515625,26.248300552368164,29.284639358520508,20.76983642578125,137.4736785888672,12.858399391174316,58.557212829589844
2024-11-29,4.149108409881592,31.77847671508789,9.938188552856445,55.360408782958984,41.91044235229492,131.29196166992188,26.112401962280273,29.3289737701416,20.728891372680664,137.52249145507812,12.983807563781738,58.51424789428711
2024-12-06,4.111158847808838,31.898632049560547,9.917990684509277,55.961570739746094,41.801719665527344,131.5800018310547,25.991952896118164,29.42097282409668,20.585329055786133,137.68402099609375,13.023624420166016,58.653709411621094
2024-12-13,4.071514129638672,31.677465438842773,9.897971153259277,57.66459655761719,41.54526138305664,131.64784240722656,25.8361873626709,29.44623374938965,20.525264739990234,137.62672424316406,13.026385307312012,58.71156311035156
2024-12-20,4.082136631011963,31.5908145904541,9.791363716125488,58.35613250732422,41.33671569824219,131.80422973632812,25.594377517700195,29.599069595336914,20.428136825561523,137.49090576171875,13.067314147949219,58.69594955444336
2024-12-27,4.08247184753418,31.449384689331055,9.752267837524414,60.171478271484375,41.13102340698242,131.10662841796875,25.394296646118164,29.62073516845703,20.351903915405273,137.2134246826172,13.090664863586426,58.30888366699219
2025-01-03,4.097714424133301,31.371397018432617,9.71514892578125,61.46174240112305,41.1573600769043,131.18348693847656,25.03066062927246,29.708892822265625,20.267118453979492,137.32582092285156,13.095203399658203,58.14289474487305
2025-01-10,4.149628162384033,31.250368118286133,9.733789443969727,63.16365051269531,41.162296295166016,130.8179931640625,24.762290954589844,29.649921417236328,20.207439422607422,137.08663940429688,13.095901489257812,58.168087005615234
2025-01-17,4.200033187866211,31.008108139038086,9.719748497009277,64.37830352783203,41.296600341796875,129.49905395507812,24.47513771057129,29.61416244506836,20.179763793945312,137.01126098632812,13.137815475463867,58.12569046020508
2025-01-24,4.17583703994751,30.682090759277344,9.683887481689453,66.109130859375,41.00701141357422,129.39678955078125,24.293729782104492,29.625757217407227,20.209327697753906,137.20188903808594,13.189743995666504,58.30976104736328
2025-01-31,4.147116184234619,30.60595703125,9.728541374206543,66.68119812011719,40.84684371948242,129.1349639892578,24.06952667236328,29.589197158813477,20.18846321105957,137.47781372070312,13.157280921936035,58.509891510009766
2025-02-07,4.107823848724365,30.47953987121582,9.710914611816406,67.10269927978516,40.63174057006836,129.88768005371094,23.916893005371094,29.481348037719727,20.164072036743164,137.678466796875,13.235325813293457,58.33774185180664
2025-02-14,4.1794819831848145,31.61589813232422,8.49317741394043,68.61734771728516,40.350337982177734,144.48878479003906,22.993741989135742,30.668561935424805,19.40362548828125,129.10104370117188,13.617462158203125,55.17963409423828
2025-02-21,4.198181629180908,31.453657150268555,8.442183494567871,68.79716491699219,40.389854431152344,144.63601684570312,22.8616943359375,30.605846405029297,19.39798355102539,128.04843139648438,13.608393669128418,55.2967529296875
2025-02-28,4.234077453613281,31.35106658935547,8.53675651550293,68.3860092163086,40.2284049987793,143.89236450195312,22.590219497680664,30.69205093383789,19.34783363342285,127.72380828857422,13.646161079406738,54.9826545715332
2025-03-07,4.272511005401611,31.09276580810547,8.581326484680176,67.60381317138672,40.313167572021484,142.21096801757812,22.360885620117188,30.697683334350586,19.35451316833496,127.46060180664062,13.571770668029785,54.97124481201172
2025-03-14,4.322073936462402,30.819290161132812,8.551946640014648,65.23333740234375,40.16023635864258,142.07058715820312,22.249055862426758,30.6514892578125,19.25188636779785,127.60247039794922,13.654487609863281,54.97981643676758
2025-03-21,4.306789398193359,30.574848175048828,8.541160583496094,64.74785614013672,40.22771072387695,141.3133544921875,22.463518142700195,30.579816818237305,19.090362548828125,126.55429077148438,13.640725135803223,55.304229736328125
2025-03-28,4.337971210479736,30.52151870727539,8.550695419311523,64.49365997314453,40.0447883605957,141.3959197998047,22.716272354125977,30.4742431640625,19.176097869873047,125.74072265625,13.688027381896973,55.37602233886719
2025-04-04,4.353450298309326,30.28920555114746,8.485116004943848,63.738365173339844,39.82813262939453,140.95701599121094,22.80295753479004,30.18752098083496,19.100914001464844,125.51946258544922,13.703205108642578,54.5498161315918
2025-04-11,4.194585800170898,30.026281356811523,8.367212295532227,63.012874603271484,39.76067352294922,141.51730346679688,22.11250877380371,29.957378387451172,19.031131744384766,125.1401138305664,13.78849983215332,53.247928619384766
2025-04-18,4.2733917236328125,29.81073570251465,8.273555755615234,62.768775939941406,39.57013702392578,141.62722778320312,22.12387466430664,29.745750427246094,19.044649124145508,124.89217376708984,13.805830001831055,52.855777740478516
2025-04-25,4.230022430419922,29.585004806518555,8.36225700378418,62.68744659423828,39.5533447265625,142.41452026367188,22.0068302154541,29.89832305908203,19.067073822021484,124.72261810302734,13.83297061920166,51.8344841003418
2025-05-02,4.2510247230529785,29.566844940185547,8.373380661010742,62.96875762939453,39.44130325317383,142.5684814453125,22.248023986816406,29.232892990112305,19.0943660736084,125.0606918334961,13.840713500976562,51.751346588134766
2025-05-09,4.207672119140625,29.371097564697266,8.3756685256958,63.982791900634766,39.25356674194336,142.92979431152344,22.014604568481445,29.022104263305664,19.070220947265625,125.26793670654297,13.952606201171875,50.92378616333008
